<?xml version="1.0" encoding="utf-8"?>
<resources>
    <color name="speed_bottom_sheet_background_color">@color/grey_600_alpha_50</color>
    <color name="palantir_in_use_color">@color/accentColor</color>
    <color name="palantir_idle_color">@color/primaryColor</color>
    <color name="being_holding_color">@android:color/holo_red_dark</color>
    <color name="being_idle_color">@color/primaryLightColor</color>
    <color name="being_waiting_color">@color/primaryLightColor</color>
    <color name="being_gazing_color">@color/secondaryLightColor</color>
    <color name="path_color">@color/primaryLightColor</color>
</resources>
