<?xml version="1.0" encoding="utf-8"?>
<resources>
    <array name="sprites">
        <item name="Gandalf">@drawable/gandalf_sprite</item>
        <item name="Bilbo">@drawable/hobbit_sprite</item>
        <item name="Gollum">@drawable/gollum_sprite</item>
        <item name="Thorin">@drawable/thorin_sprite</item>
    </array>
    <!--
        Used by Simulation to identify Gollumn sprite which
        requires special positioning for accompanying progress bar.
     -->
    <integer name="gollumIndex">2</integer>
</resources>