<resources>
    <string name="main_activity_hint">Swipe left to open the settings panel.</string>
    <string name="speed_label">Speed:</string>
    <string name="show_speed_controller">Show speed controller</string>
    <string name="hide_speed_controller">Hide speed controller</string>

    <string name="navigation_drawer_open">Open development settings drawer</string>
    <string name="navigation_drawer_close">Close development settings drawer</string>

    <string name="palantiri_configuration">Palantiri Configuration</string>
    <string name="palantiri_simulation">Palantiri Simulation</string>
    <string name="edit_text_hint_palantiri">1 - 6 (4 default)</string>
    <string name="label_number_of_beings"># of Beings</string>
    <string name="edit_text_hint_beings">1 - 10 (6 default)</string>
    <string name="label_gazing_iterations">Gazing Iterations</string>
    <string name="edit_text_hint_iterations">1 to 100 (5 default)</string>
    <string name="button_start_simulation">Start Simulation</string>
    <string name="button_stop_simulation">Stop Simulation</string>

    <!-- Toast messages -->
    <string name="toast_simulation_resume">Continuing simulation</string>
    <string name="toast_simulation_complete">Simulation complete</string>
    <string name="toast_simulation_stopped">Exception was thrown or stop button was pressed, so %1$d simulation threads are being halted</string>
    <string name="toast_incorrect_arguments">Arguments were incorrect</string>
    <string name="toast_resolve_intent_to_activity_failed">Intent did not resolve to an Activity</string>
</resources>
